{"coef": [659.5411793129468, 522.0421820439224, 10.279932673171292, 5957.136805001836, 323.2773975870068, 547.3771329416107, 44898.07142368522, -128.97864852404516], "intercept": -1056.1313557264366}